{"cameraMode":{"drawMode":0,"name":"Shaded","section":"Shading Mode"},"sceneLighting":true,"audioPlay":false,"sceneViewState":{"m_AlwaysRefresh":false,"showFog":true,"showSkybox":true,"showFlares":true,"showImageEffects":true,"showParticleSystems":true,"showVisualEffectGraphs":true,"m_FxEnabled":true},"in2DMode":false,"pivot":{"x":-3.780179977416992,"y":3.5485076904296877,"z":19.723651885986329},"rotation":{"x":0.016342995688319207,"y":0.2289256751537323,"z":0.003845746396109462,"w":-0.9733558893203735},"size":15.137250900268555,"orthographic":false}