{"cameraMode":{"drawMode":0,"name":"Shaded","section":"Shading Mode"},"sceneLighting":true,"audioPlay":false,"sceneViewState":{"m_AlwaysRefresh":false,"showFog":true,"showSkybox":true,"showFlares":true,"showImageEffects":true,"showParticleSystems":true,"showVisualEffectGraphs":true,"m_FxEnabled":true},"in2DMode":false,"pivot":{"x":1.368844747543335,"y":-48.125431060791019,"z":15.173846244812012},"rotation":{"x":-0.6168656349182129,"y":-0.00991732906550169,"z":0.007775964681059122,"w":-0.7869790196418762},"size":30.812341690063478,"orthographic":false}